1837,2992,3674,6881,8070,8198,2181,3483,6117,6469,1246,3942,4873,9090,1000,5127,7278,7448,2029,1335,9697,6607,2157,7319,2213,8097,8533,4947,8738,5160,1848,1550
9018,160,6490,9382,3365,2395,2083,4244,9500,7048,3983,3110,9365,9760,3883,1067,9323,313,7067,7312,591,9700,4654,8513,7363,9578,7802,4959,6484,6073,5076,3465
2517,4003,2309,1823,2589,6682,7927,4280,2121,3079,498,3970,8161,3836,4718,84,8209,8201,778,5697,6048,2034,7549,9070,6908,2817,1586,4754,989,7401,9637,7687
9086,9161,9364,5478,3925,3691,987,5527,7556,8696,6733,5770,6804,6479,4960,7794,406,1200,2287,9281,6078,7010,6347,2753,9132,6909,8619,7596,4188,1141,8528,2085
1163,8845,8774,6143,5518,2561,8090,2760,111,4490,9811,7275,1111,5141,4752,8572,5920,1782,2011,7258,3513,4008,9025,6390,5625,1596,1611,4507,5078,7001,6451,1998
7320,7317,8344,7251,3655,6647,6913,8477,2859,3429,771,3757,5300,1343,4407,8321,5914,74,2397,4471,501,9798,2940,6937,3982,3521,2826,506,3728,1672,8997,8345
8451,5310,6205,2917,2555,2126,7344,9438,1050,8097,7061,5015,2790,4217,2662,3686,1549,1621,478,7189,3491,1812,8296,3521,5430,261,348,8227,1910,5853,4816,9874
2705,4120,5536,6631,4572,6573,758,2313,7402,4139,4248,5796,2825,8400,6308,4874,7281,8402,283,33,9653,4928,9470,2280,8975,2374,1247,977,3412,587,715,5408
1634,1810,4410,8261,8308,8482,4531,6002,4583,7774,3316,283,494,6029,6247,4116,9257,4695,4487,9195,5525,3583,942,5653,5356,9671,5699,2476,192,9866,3375,2337
7388,1029,7753,4528,261,7993,8874,87,2761,7117,3083,9730,9265,4953,2518,1250,6958,2142,4034,2008,7662,994,5387,3783,857,6475,4951,9028,742,8333,5693,3842
5696,241,7764,8523,3900,4746,2350,3489,37,7171,6556,6687,8515,2435,2334,9191,7402,7090,574,9154,3529,4737,7116,3185,4567,7458,6624,5865,1806,9355,4519,6597
2558,5723,5796,6614,7436,3312,6054,8886,824,6739,8744,9240,2906,6983,6459,2218,673,5688,6298,8077,9703,9564,273,9935,2013,3898,9987,752,754,1404,9726,8208
5238,3730,1320,1991,4445,6932,9655,3941,5771,8687,1125,5980,5341,1299,724,9477,4023,4438,8912,9339,6834,3707,3708,886,2105,2396,5483,4973,1674,2177,5295,8900
1981,7927,2694,8150,9259,6276,3242,5355,5274,2696,6668,1197,4748,5490,8382,6010,2435,7920,7263,5252,2525,3220,9824,9066,6676,3784,7084,7826,2750,9627,7133,4825
1189,6750,9794,8271,2175,4805,5428,3028,7474,1004,6784,921,866,2320,6778,9599,924,3761,2000,8225,2870,7951,2052,9209,681,7256,1074,3381,4955,7739,4631,7301
9351,9140,9476,3172,8585,2563,256,9507,9493,6206,5286,3398,3338,3356,1440,4109,8488,3351,2677,2005,238,3908,9241,2045,4508,34,3990,5126,8307,16,6644,6694
5515,9381,4919,9164,5437,9554,3101,2527,7080,9660,5048,7303,7184,2293,5906,1250,2121,4756,1331,3076,3386,661,7346,3116,3805,9026,566,9769,992,9197,8873,9765
4620,3846,5908,8098,730,4699,9433,117,5579,6809,2631,9768,999,6882,1956,3126,2459,8108,3987,8342,2194,7424,3743,2191,7120,2474,9754,2561,1679,8863,3089,6257
4119,4389,9235,1226,7480,7359,3702,1724,4800,9788,6726,160,4470,2967,7716,7246,2136,7509,728,9296,6465,5442,5663,7060,1478,9198,8686,9114,7307,1386,1282,8247
6094,7515,203,4007,3613,3607,5342,1009,2929,5189,3461,7179,1514,75,3460,9014,3321,7731,9474,4061,9648,6227,2008,6733,9430,932,3069,3812,3191,7980,1196,3102
2546,135,904,6853,2235,9410,8201,4543,511,8408,387,5483,3135,479,4401,2627,4136,6180,3108,4211,5248,2628,1983,6908,9505,7171,4275,680,4788,2298,6379,1877
7564,3032,3165,5743,3440,7757,9433,5980,3420,8814,2944,5893,3534,3193,6085,3199,7002,6560,841,453,4937,9919,7518,3788,8733,3390,4017,8188,4891,1133,6295,4716
3133,9919,6720,6705,7345,2294,3907,5725,7438,8119,5467,4760,6090,9418,4841,2410,6207,9635,7020,5594,487,2499,2045,2669,2697,6530,1636,6212,1032,9677,7123,2731
8118,8616,7127,9985,2984,6296,9509,4983,6151,5391,5968,7713,2633,8383,7640,1750,6178,5965,2549,3504,9881,3003,6259,5048,1644,5801,6509,3647,8844,9389,1067,7671
8487,3280,3271,9184,933,563,5025,5663,8826,4778,7472,7880,1,5757,5298,7031,2782,6680,5286,8709,5839,3004,8104,272,8077,2027,2171,6849,5819,8291,4952,4065
452,1104,7752,4763,9340,9414,874,3886,4098,3303,1321,4194,2622,1669,591,2545,1909,9475,7511,6733,3975,6372,332,2169,5909,1184,8004,3487,2897,3456,1911,2595
3994,6277,8662,3649,4507,6411,1258,6461,6398,1725,8099,8271,8097,8368,4351,316,5480,8238,1353,1902,8561,6519,1112,9524,9562,4599,4419,8554,7079,1058,4174,467
8242,949,5408,4487,1407,524,697,3373,3207,2772,1762,6490,1449,9801,2880,2528,4581,2951,4944,3732,3001,1416,1738,5990,2342,7464,4394,2716,4428,4926,3463,1139
2123,1144,2745,9318,5472,2821,9253,212,6102,3464,4708,4862,7064,4721,5656,1410,6846,9928,3121,6974,9190,7946,5427,9743,3898,4317,7851,5245,5567,2198,7583,962
5735,7351,795,2847,3284,8096,5637,7559,3271,948,2807,781,7647,9640,1041,4792,7444,907,4528,3523,1297,3755,7397,7957,7825,59,2250,5821,3736,923,890,429
5501,8704,5978,4359,2609,5054,944,1117,4593,9206,5158,3468,9659,5807,611,285,1852,5503,9977,7861,7402,8298,2424,43,4655,2887,8132,5808,4361,5591,2621,541
5607,4509,324,6709,2755,7530,7645,8527,7027,7838,1168,3892,3654,995,3980,9085,2215,8350,8696,2493,4421,8711,52,4205,120,7435,527,6690,7763,8838,3164,1233
